ConceptID,ConceptLabel
1,Fluid Power Fundamentals
2,System Safety Principles
3,Tool Usage Fundamentals
4,Units Of Measurement
5,Basic Mechanical Concepts
6,Materials Science Fundamentals
7,Fluid Types
8,States Of Matter
9,Properties Of Water
10,Properties Of Air
11,Properties Of Oil
12,Flow Fundamentals
13,Pressure Fundamentals
14,Energy Transfer Principles
15,Basic Thermodynamics
16,Heat Transfer Mechanisms
17,Fluid System Components
18,Mechanical Component Types
19,Electrical Component Types
20,Control Component Types
21,Fluid System Schematic Symbols
22,Fluid System Schematic Reading
23,PPE Requirements
24,OSHA Standards Overview
25,System Documentation Practices
26,Fluid Power Mathematics
27,Force Calculations
28,Energy Calculations
29,Efficiency Calculations
30,Data Collection Fundamentals
31,Basic Computer Skills
32,Sensor Types
33,Sensor Installation
34,Basic Electronics
35,Wiring Fundamentals
36,Circuit Reading
37,Digital vs Analog Signals
38,Pump Types
39,Pump Functions
40,Pump Maintenance
41,Fan Types
42,Fan Functions
43,Fan Maintenance
44,Compressor Types
45,Compressor Functions
46,Compressor Maintenance
47,Valve Types
48,Valve Functions
49,Valve Maintenance
50,Filter Types
51,Filter Functions
52,Filter Maintenance
53,Actuator Types
54,Actuator Functions
55,Actuator Maintenance
56,Seal Types
57,Seal Functions
58,Seal Maintenance
59,Line Types
60,Line Functions
61,Line Maintenance
62,Fitting Types
63,Fitting Installation
64,Tools For Fittings
65,HVAC System Overview
66,Airflow Principles
67,Cooling Principles
68,Heating Principles
69,Duct Systems
70,Coil Types
71,Filter Service
72,HVAC Controls
73,HVAC Efficiency Metrics
74,Vacuum System Fundamentals
75,Vacuum Pump Types
76,Vacuum System Applications
77,Seal Testing
78,Leak Detection
79,Compressed Air Fundamentals
80,Air Pressure Regulation
81,Air Line Installation
82,Air Tool Requirements
83,Air System Efficiency
84,Compressed Air Quality Standards
85,Cooling Water Fundamentals
86,Cooling Tower Operations
87,Water Treatment Principles
88,Corrosion Prevention
89,Scale Prevention
90,Water Quality Parameters
91,Dust Collection Fundamentals
92,Filter Media Types
93,Airflow Balancing
94,Combustible Dust Safety
95,NFPA Standards
96,Hydraulic System Fundamentals
97,Hydraulic Fluid Types
98,Hydraulic Cylinder Service
99,Hydraulic Pump Service
100,Hydraulic Control Valves
101,Pumping System Fundamentals
102,Pump Performance Curves
103,Pump Installation Procedures
104,Cavitation Prevention
105,Water Hammer Prevention
106,Fan System Fundamentals
107,Belt Maintenance
108,Blade Inspection
109,Vibration Principles
110,Noise Reduction Techniques
111,PLC Basics
112,Control Panel Components
113,Control Programming Fundamentals
114,Input/Output Devices
115,Troubleshooting Methodologies
116,Diagnostic Tool Usage
117,System Testing Procedures
118,PM Schedules
119,Work Order Management
120,Parts Inventory Management
121,Energy Auditing
122,Lifecycle Cost Analysis
123,AI Fundamentals
124,Machine Learning Basics
125,Data Types
126,Data Collection Methods
127,Data Transmission Methods
128,Data Storage Systems
129,Dashboard Interpretation
130,IoT Fundamentals
131,IoT Sensors
132,Wireless Communication Protocols
133,Network Security Basics
134,Cloud Computing Fundamentals
135,Edge Computing Fundamentals
136,Control System Architecture
137,Real-Time Monitoring
138,Data Analysis Methods
139,Predictive Analytics
140,Fault Detection Algorithms
141,SCADA Systems
142,CMMS Software
143,Mobile App Integration
144,Building Management Systems (BMS)
145,Energy Management Systems (EMS)
146,Digital Twin Concepts
147,VFD Technology
148,Motor Control Methods
149,Smart Valve Technology
150,Smart Thermostat Integration
151,Automated Sequencing
152,System Optimization Methods
153,Maintenance Planning With AI
154,Predictive Maintenance Implementation
155,Diagnostics Using Machine Learning
156,Root Cause Analysis Using Data
157,Pattern Recognition In System Data
158,Anomaly Detection
159,Energy Efficiency Metrics
160,Labor Efficiency Metrics
161,Sustainability Metrics
162,Carbon Footprint Calculation
163,Water Conservation Methods
164,Energy Recovery Techniques
165,System Design Principles
166,Control Integration Planning
167,Sensor Network Design
168,Data Architecture Planning
169,Alert System Configuration
170,Maintenance Protocol Development
171,Failure Mode Analysis
172,System Reliability Assessment
173,Performance Benchmarking
174,Green Certification Requirements
175,Compliance Monitoring Methods
176,Resource Optimization Techniques
177,Condition-Based Maintenance
178,Remote System Management
179,Automated Reporting
180,Visualization Tools
181,Team Communication Platforms
182,System Documentation Standards
183,Change Management Practices
184,Total Productive Maintenance (TPM)
185,Industry 4.0 Integration
186,Digital Transformation Roadmaps
187,Smart Factory Concepts
188,Advanced System Integration
189,Mixed System Optimization
190,Multi-Parameter Optimization
191,Scenario Planning With AI
192,Decision Support Systems
193,Virtual Commissioning Methods
194,Simulation Based Training
195,AR/VR Maintenance Applications
196,Continuous Improvement Methodologies
197,Innovation Management
198,Risk Assessment Protocols
199,Future Technology Trends
200,Complete System Design Integration